"Name","Group","n","Median","Mean","Q1","Q3","Min","Max"
"Anserine","CN",62,20.5530354233782,20.8304979234984,19.9579865354695,21.1344773489225,19.669463242354,26.2440775972415
"Anserine","MCI",43,20.5998798506225,21.1853354416875,20.2703769116661,21.6572785923514,19.6387696922655,27.0775676413181
"Anserine","AD",57,20.35464537419,20.6366955906039,20.0345590721579,21.0007716983732,19.6489765248644,23.7812951399616
"Caffeine","CN",62,16.6052592806575,17.167889417043,14.1941685377996,20.2883867463215,12.7126253232674,24.2092384835987
"Caffeine","MCI",43,16.0548805799949,16.9668973612503,14.1244497644823,19.9803250421204,12.6892523972667,23.6817683442918
"Caffeine","AD",57,14.5793528538853,15.5499925652335,13.9243545093955,16.1720866417582,12.918439756833,24.5486935961585
"Carnosine","CN",62,20.227159520665,20.3429849661457,18.9054143249832,21.4855746723075,17.1925889402455,26.6471928972224
"Carnosine","MCI",43,19.2077135372954,19.9058256698172,18.2285053988186,21.0240373493427,17.1478829694354,25.0910930972051
"Carnosine","AD",57,19.4118033840631,19.5342084174844,18.1003682611855,20.1888948148886,17.1039467059284,23.6487467753086
"Histamine","CN",62,15.4219065505692,15.3978501956414,14.8429722557943,15.8667357888215,14.0823170566215,17.3098942197763
"Histamine","MCI",43,15.148432311372,15.1745926662712,14.6676512299404,15.4845801918644,14.2293961225148,17.0757238579144
"Histamine","AD",57,14.9325726669604,15.3985766025854,14.5543489975486,15.5819439527275,14.1629766212932,24.881119452976
"Paraxanthine","CN",62,19.759578956949,19.9389427373762,17.8786087854423,21.7138062921374,16.5995353372803,25.4119853501422
"Paraxanthine","MCI",43,19.1146949985373,19.758928540496,18.0331485626019,20.9405837975275,16.4297307433696,24.798126753345
"Paraxanthine","AD",57,18.3566070803293,18.9659092351155,17.8316075345417,19.7842907863134,16.6444688981777,23.2502029683968
