"Sample","Group","Number"
"CN1","CN",1
"CN2","CN",2
"CN3","CN",3
"CN4","CN",4
"CN5","CN",5
"CN6","CN",6
"CN7","CN",7
"CN8","CN",8
"CN9","CN",9
"CN10","CN",10
"CN11","CN",11
"CN12","CN",12
"CN13","CN",13
"CN14","CN",14
"CN15","CN",15
"CN16","CN",16
"CN17","CN",17
"CN18","CN",18
"CN19","CN",19
"CN20","CN",20
"CN21","CN",21
"CN22","CN",22
"CN23","CN",23
"CN24","CN",24
"CN25","CN",25
"CN26","CN",26
"CN27","CN",27
"CN28","CN",28
"CN29","CN",29
"CN30","CN",30
"CN31","CN",31
"CN32","CN",32
"CN33","CN",33
"CN34","CN",34
"CN35","CN",35
"CN36","CN",36
"CN37","CN",37
"CN38","CN",38
"CN39","CN",39
"CN40","CN",40
"CN41","CN",41
"CN42","CN",42
"CN43","CN",43
"CN44","CN",44
"CN45","CN",45
"CN46","CN",46
"CN47","CN",47
"CN48","CN",48
"CN49","CN",49
"CN50","CN",50
"CN51","CN",51
"CN52","CN",52
"CN53","CN",53
"CN54","CN",54
"CN55","CN",55
"CN56","CN",56
"CN57","CN",57
"CN58","CN",58
"CN59","CN",59
"CN60","CN",60
"CN61","CN",61
"CN62","CN",62
"MCI1","MCI",1
"MCI2","MCI",2
"MCI3","MCI",3
"MCI4","MCI",4
"MCI5","MCI",5
"MCI6","MCI",6
"MCI7","MCI",7
"MCI8","MCI",8
"MCI9","MCI",9
"MCI10","MCI",10
"MCI11","MCI",11
"MCI12","MCI",12
"MCI13","MCI",13
"MCI14","MCI",14
"MCI15","MCI",15
"MCI16","MCI",16
"MCI17","MCI",17
"MCI18","MCI",18
"MCI19","MCI",19
"MCI20","MCI",20
"MCI21","MCI",21
"MCI22","MCI",22
"MCI23","MCI",23
"MCI24","MCI",24
"MCI25","MCI",25
"MCI26","MCI",26
"MCI27","MCI",27
"MCI28","MCI",28
"MCI29","MCI",29
"MCI30","MCI",30
"MCI31","MCI",31
"MCI32","MCI",32
"MCI33","MCI",33
"MCI34","MCI",34
"MCI35","MCI",35
"MCI36","MCI",36
"MCI37","MCI",37
"MCI38","MCI",38
"MCI39","MCI",39
"MCI40","MCI",40
"MCI41","MCI",41
"MCI42","MCI",42
"MCI43","MCI",43
"AD1","AD",1
"AD2","AD",2
"AD3","AD",3
"AD4","AD",4
"AD5","AD",5
"AD6","AD",6
"AD7","AD",7
"AD8","AD",8
"AD9","AD",9
"AD10","AD",10
"AD11","AD",11
"AD12","AD",12
"AD13","AD",13
"AD14","AD",14
"AD15","AD",15
"AD16","AD",16
"AD17","AD",17
"AD18","AD",18
"AD19","AD",19
"AD20","AD",20
"AD21","AD",21
"AD22","AD",22
"AD23","AD",23
"AD24","AD",24
"AD25","AD",25
"AD26","AD",26
"AD27","AD",27
"AD28","AD",28
"AD29","AD",29
"AD30","AD",30
"AD31","AD",31
"AD32","AD",32
"AD33","AD",33
"AD34","AD",34
"AD35","AD",35
"AD36","AD",36
"AD37","AD",37
"AD38","AD",38
"AD39","AD",39
"AD40","AD",40
"AD41","AD",41
"AD42","AD",42
"AD43","AD",43
"AD44","AD",44
"AD45","AD",45
"AD46","AD",46
"AD47","AD",47
"AD48","AD",48
"AD49","AD",49
"AD50","AD",50
"AD51","AD",51
"AD52","AD",52
"AD53","AD",53
"AD54","AD",54
"AD55","AD",55
"AD56","AD",56
"AD57","AD",57
