"PC1","PC2","PC3","PC4","PC5","PC6","PC7","PC8","PC9","PC10","MatrixSample","Sample","Group","Number"
-17.3875722447635,-21.051008288679,15.7792869822454,-7.21280550162924,1.81343017371223,-5.5774085734609,1.0844915894938,-4.65164277505722,10.5810894902058,-1.07879179507055,"all_CN1","CN1","CN",1
22.0948802350145,15.798536316067,-3.2817043987951,-13.9820984051138,-2.55370742830335,-3.34676569551418,-0.325663181536199,-12.8157293581342,7.82337715632981,2.81001082502167,"all_CN2","CN2","CN",2
-24.9090548833888,-12.4969507117734,-3.83328435563771,-4.97418014429463,2.06386660710005,5.10333117888027,5.06904053572699,-1.13253119389001,-0.505446991361183,-5.29330070185812,"all_CN3","CN3","CN",3
-3.29845577409279,-15.4709816792493,3.32937450940815,-12.5217489948758,20.6316870186369,-4.16849982374236,4.49459130194928,5.81254652840779,-8.26297858473015,4.97105599491934,"all_CN4","CN4","CN",4
-15.6982461338714,-10.8179580967565,10.8972080194704,9.34961536172893,-0.624185986144106,-5.89053015300247,-13.791519449186,9.29876753658358,-5.50084644300882,0.439553871588128,"all_CN5","CN5","CN",5
-15.0920592928826,-20.0489127178821,-9.25355432901779,-12.2949801918722,4.25816542687611,-6.59121845369728,-4.5529127513723,15.6704827172775,10.6310445031426,-4.99802266282302,"all_CN6","CN6","CN",6
-7.89612097191502,-28.4637805328498,14.2188093232006,-4.15298056213452,2.97906333013593,-0.258856580142335,1.3645380474727,0.699162244382503,13.6620673326516,-6.77515771196855,"all_CN7","CN7","CN",7
-7.70064990539656,35.4594368178341,4.57528675623723,-14.7855676709823,3.61464678730678,25.7909252952474,4.35568599767597,-5.44890115005737,-3.34257591188313,7.93302115023495,"all_CN8","CN8","CN",8
26.163539224073,10.4752426077123,16.8637098599484,-4.7885076352191,10.8358600490923,-5.03680770947503,2.5281940883405,-3.44000485194505,0.610464549617166,2.44398070643687,"all_CN9","CN9","CN",9
63.2721258843025,-3.8501593888537,1.71833364446445,-0.502674755180551,10.6793905306853,-3.07187000713271,7.47123632449627,9.77152752748578,1.28223302292689,-5.39990518767531,"all_CN10","CN10","CN",10
-25.6401568272209,-14.8753892308823,3.42769173524256,2.39546979014192,-9.34133071103934,5.74426392266864,-0.223800808069929,-2.35184322228836,17.9315462680966,-0.166236637127832,"all_CN11","CN11","CN",11
-34.6585810265524,-8.96373576761287,-8.13884509521715,12.3883748898713,-11.2258614898104,-3.03100408651204,13.2284566397873,1.5868682676908,-7.19951861003439,-11.1929818353018,"all_CN12","CN12","CN",12
-35.2592770034688,-9.37063710118086,3.65599890627018,-0.516834780490736,3.24067967776676,-2.30718621429874,3.67464488818617,-15.4689222472007,8.93889088889566,-1.59088279655759,"all_CN13","CN13","CN",13
-8.04665148891967,-29.6689586171464,25.1688962900195,4.11061701824444,15.8044705984817,2.51618533996213,-6.33907869528283,-3.90348107206174,-0.872650890321685,0.921480450493206,"all_CN14","CN14","CN",14
-10.9318313375062,-21.7201570201905,1.98637660191525,-3.86809960684145,11.4424492290386,-12.4408739514905,10.5982244630693,3.21115452807442,-0.903386191392347,-3.59730438504734,"all_CN15","CN15","CN",15
-12.5099865134401,32.8234089844384,1.30189292677262,-8.44993591408384,-3.3321799162134,10.468237845762,0.119431652521123,-2.62363274741675,-7.64392372518792,2.71544882900821,"all_CN16","CN16","CN",16
-3.28956914005276,32.2147671880231,-14.4631216181409,-15.4587024018716,5.17256299197425,7.18837272013115,-3.25520024831125,6.59337368428755,9.66419356767269,7.23011810934361,"all_CN17","CN17","CN",17
17.223707706126,17.171026178078,20.4359397078768,-1.80444544745666,-7.94976722034423,-3.81607263373274,3.74387039991222,-8.29148253020444,3.05648474365786,8.17142245002368,"all_CN18","CN18","CN",18
-26.3204350788999,-17.7350742592074,-7.15888749964691,-11.925620381215,18.4658736956611,3.59411739412703,2.88914361131956,0.674816058302978,-5.81176659729914,-11.0174523599271,"all_CN19","CN19","CN",19
-31.9242058701331,-11.68614311156,-18.1465436785444,-0.983553269759285,3.45802875254788,11.4548708897145,0.1710066763954,0.654124063638834,9.46556976195842,-2.41202254843988,"all_CN20","CN20","CN",20
19.3334032282816,17.683565126239,3.62080389988079,-15.6517033267157,-6.78324767246267,-1.96645940354431,-1.96661250771612,-1.90167361217053,1.57547355524483,0.435829913326663,"all_CN21","CN21","CN",21
14.2224305512646,-38.0803885432169,-1.69760056835802,-6.52082266517054,9.53838637131665,-8.30603417901918,9.42088182066223,2.44864648233105,-1.99752854847254,-8.24197535142542,"all_CN22","CN22","CN",22
12.5072241623605,21.7942763494766,12.4190353023602,-2.43517892280506,0.958277363162561,-16.4925120888317,7.10330432455775,-3.18174131631943,-6.63521506152024,1.97466848532961,"all_CN23","CN23","CN",23
-45.8430033674088,-3.77303195706219,-10.0104251507874,0.455136982371046,-6.1084395966086,-1.66706330756658,-9.38556957236716,-1.35630762254511,-1.02041599895696,-9.27081249686134,"all_CN24","CN24","CN",24
40.2385185659483,7.00881209318519,11.672744292168,4.13157769244487,0.898582651427718,4.70817761117503,9.27660195863983,2.80085254708938,9.79179687038196,-4.37945338781865,"all_CN25","CN25","CN",25
-35.0924769963034,-9.49130513069183,-2.98437687309692,-0.121951621790613,11.1974073786151,-8.83075008629812,13.1349006978235,-3.63705612867036,7.43098621951646,2.01564324832808,"all_CN26","CN26","CN",26
32.3878093587708,11.0405527215085,-1.02854689760766,-20.2532286840131,-0.0329198063745415,-13.6581249564532,-13.3355534599718,-12.2106476907349,5.30381541356377,-12.2099606613185,"all_CN27","CN27","CN",27
14.9129719219564,23.5317039863711,-1.22334047422105,-9.08130975116071,3.97665191619011,-0.770146307810112,-0.736382741458485,4.487548948789,-1.85137885128602,-9.87121718581749,"all_CN28","CN28","CN",28
-31.802571315717,-9.6825367794578,-0.974803806717372,-6.85472171365012,-11.878575569739,3.26572021821043,-6.32514009667509,6.19392059675985,13.5772375709994,-7.06237814894252,"all_CN29","CN29","CN",29
18.8129521916351,16.6219772680418,1.47285936822495,-14.388363048633,-17.044539646933,14.6835769814165,0.848033104704213,2.45625179921301,-14.4174553430802,-6.80930014638846,"all_CN30","CN30","CN",30
-39.6415090930513,-6.87383686753993,10.8526253360699,-1.02235679547667,4.77716240550342,-7.47317794312244,13.1186251206621,-4.95034017182741,-10.0064144955136,-7.09008872629418,"all_CN31","CN31","CN",31
-14.03438770424,-18.7272234886296,-5.21025960629478,-5.65356270196662,8.58151095247702,2.21423081036239,2.13950960769671,-0.537270520447193,-7.73123758273116,12.3593874864163,"all_CN32","CN32","CN",32
-41.6228442173929,-5.71461727145317,6.40834531005975,12.6133722638867,-10.1189456224875,4.97462581796825,-2.03685029722204,2.34370946686763,0.10103630532852,-4.75927580440299,"all_CN33","CN33","CN",33
19.9747002689531,18.2693012884922,-5.12535295940301,-24.7566988625046,-3.6801022951235,7.06721504547726,2.65769249169751,4.00374549723968,-12.0565690508178,-3.94140942354525,"all_CN34","CN34","CN",34
2.36000532639285,-36.0627533301107,-12.5988025082789,10.903974208761,-1.73832045127567,29.9395845761053,1.54291055471815,-11.1138158395725,-17.4876619332625,18.5532788657744,"all_CN35","CN35","CN",35
38.6872148378063,10.008046100521,4.32973564831694,-6.87837557433989,0.323238938974293,13.0653960251073,10.4887538688905,-6.65144211901576,-5.24140706602815,3.4547135909617,"all_CN36","CN36","CN",36
30.3552186216619,12.7666652540533,-8.15143044577152,-9.1550616022963,6.53809698494418,-5.87437838126733,3.67442601961954,-1.64790102536643,13.0755134778781,2.49647934519747,"all_CN37","CN37","CN",37
-20.5272596427928,40.1800289594999,-23.8871709913513,0.871029941849305,3.95404860399881,-0.832558553896276,-6.18348354068593,12.0456310922467,2.90076740292486,4.22208649432805,"all_CN38","CN38","CN",38
-44.9259753652139,5.03428995704787,-17.9841082120898,2.40187551655524,10.5591340523986,-12.6601594921474,-8.83138027832042,-0.20978568610111,-3.69297303359513,7.59107006796605,"all_CN39","CN39","CN",39
-32.3371782976661,-14.9836348731285,-12.581117487367,-3.57836764460955,-12.4082672379373,-3.10549287787979,5.13478685752673,-3.48446649862944,1.9284577583259,6.31201524209714,"all_CN40","CN40","CN",40
26.6956069034905,11.6177148042382,8.17322093685262,-6.78782229627118,-6.94769576143251,-12.5448187877291,-11.5947001947072,2.98392084530174,10.167916204188,-0.575477776056689,"all_CN41","CN41","CN",41
60.873808505832,-9.9077424905594,1.84563205019485,13.6326900434762,3.07162126213646,-0.894906815383621,5.69388179486855,-4.61045979631652,-1.2090308107981,-8.66500307717088,"all_CN42","CN42","CN",42
21.534748301943,17.3430545801574,18.9669606162147,6.99314802605647,-4.68991933411818,12.1449927983629,-0.15981480867443,14.4743017250632,-0.779262937190848,1.9615906211188,"all_CN43","CN43","CN",43
-50.1203635309466,5.73614501979707,-7.84210450355745,-15.3136057904396,8.13699094180839,-0.419402408093578,-0.779685508294688,-7.82195737609327,-1.92349560153303,-6.58274233257316,"all_CN44","CN44","CN",44
-3.29007673843577,30.1434199137336,1.89085464336919,11.7417083042821,-7.74800774877563,7.46313316666927,19.0427744259251,7.60055076677036,4.51589864711199,9.03230264242257,"all_CN45","CN45","CN",45
13.9544191731866,-38.5809661652192,14.9515695232892,-5.00777553210662,-8.84793899533225,-2.32829755586451,0.109100171251194,-13.8908469417591,0.778202149922718,3.8013130733697,"all_CN46","CN46","CN",46
-19.8164265966737,-21.3879314299518,5.42395365902387,0.670565696938498,3.32144993350647,-10.9022274451727,9.05836462980555,0.178111495141919,0.463565311203725,-8.88190085175083,"all_CN47","CN47","CN",47
13.0210574191201,-36.7823262949933,-10.7182050613622,20.1305555979053,9.48536267147697,21.119017143439,4.98830098408471,-3.23408938022468,16.616502357481,-19.8981734052304,"all_CN48","CN48","CN",48
-5.90476443991675,-29.8353267087163,0.473685303461747,-13.6097948224749,-11.575057901961,-4.42869571560288,-2.9757980114946,1.48193809448885,3.73186119897436,4.74676914590331,"all_CN49","CN49","CN",49
37.9222557698315,8.24125487755401,-14.9044770722679,14.1816558503359,4.96656525634759,-1.44694817836898,1.17572914665756,-8.19169757202351,5.57511824858969,-4.54082695840056,"all_CN50","CN50","CN",50
30.752620551793,14.6271907359025,-0.82898852691821,-0.0309898989242865,4.20131093108058,-9.54776558538547,8.37631023511545,6.36515664791011,7.06436388438618,5.34792549675035,"all_CN51","CN51","CN",51
-30.4579195114471,-10.2361089844183,-0.522898170499964,0.713449229110966,-0.925646210850697,-12.2494407152284,6.6348929361748,-7.08722421499967,2.40392390069764,-6.2967893499831,"all_CN52","CN52","CN",52
-2.06570618099927,-32.960135417345,-11.8808234743092,-19.2509238772656,0.746384809545936,12.7232789602389,-9.85964570291624,-2.87680072482505,5.80460417554278,-8.68681988920945,"all_CN53","CN53","CN",53
20.8120965252347,21.4104818811762,6.57895960247476,0.107359662548064,13.0081493144611,-5.13354281514651,12.6835151808087,1.71302119223997,5.17603382733928,-1.9066298012034,"all_CN54","CN54","CN",54
46.5083744717563,2.97600599657853,2.26047853502028,3.60376602564648,-11.2799085444411,-4.86501357340507,-3.66938424914355,-2.28574335716791,5.90986926101316,-2.77039687176799,"all_CN55","CN55","CN",55
3.45321617836039,-31.2122926461721,-11.9666861838175,-16.5180429495884,-2.38490656392984,-10.2644754596462,-0.00714654257426193,-8.5131755729405,2.46507931863948,9.42447485680752,"all_CN56","CN56","CN",56
-49.7080535021938,1.85090331178591,-15.8850695737794,5.71129005155072,-19.3801387349504,7.29028900698359,6.16452773479997,-2.09448184115941,-6.04633461426807,-4.96734257200257,"all_CN57","CN57","CN",57
-30.8924591745203,-10.3090122929844,-6.41865539436425,-11.2582429633535,8.10938710836538,-5.42727768865066,-6.16828310132795,2.23832128060302,0.677252374388655,-7.41274383609413,"all_CN58","CN58","CN",58
57.1286873175055,-4.80694067936895,9.57153216010585,8.95605803179072,-3.36123802526374,-2.32628243395625,-10.6175804661503,1.2066432017501,-10.5649121678694,-8.75098935394774,"all_CN59","CN59","CN",59
33.6041027233002,11.2933174415932,-28.3042131319282,-20.9849550950014,-1.3348709816302,-1.62839164094888,-7.26757912954361,-0.959281015815426,17.3783614126965,5.21515304425749,"all_CN60","CN60","CN",60
8.36206820183173,-37.0228305424592,-2.96197031777399,-3.71393962899264,-16.1166727843108,10.3378569341135,-5.05623838380739,9.87977308958397,-3.98312711405959,-7.7135744804706,"all_CN61","CN61","CN",61
33.1035704001586,15.5324713410258,-6.57181927505864,20.1016625218419,14.8782059216334,-1.88685735391972,-1.69432029815914,3.42093249527974,5.71988978509763,3.39762018531723,"all_CN62","CN62","CN",62
-78.1546788489236,26.4594510576099,4.33280346967934,0.332371001642561,-3.06763003329627,2.93960041751269,0.537184839611522,-4.2782839072203,-1.25033576622957,4.47352563923719,"all_MCI1","MCI1","MCI",1
37.3764008661457,12.8206853117567,9.33089151898504,-10.3333771607636,-1.89570490999015,4.29454707435199,6.02720063372708,2.4957563431765,-0.254748674893265,4.0680047890986,"all_MCI2","MCI2","MCI",2
9.73797024564335,-30.8196121325412,0.0627973487999621,9.58621542792552,-6.24080725048055,-6.84146793853714,-14.8768290856193,14.6468833490855,2.58749888349755,17.2195946039834,"all_MCI3","MCI3","MCI",3
-9.04476467708375,35.597693025467,-20.5992481061156,1.98647032392906,6.60597730960596,-7.0367390333608,7.68509976835383,8.09668866858156,-0.307754292049846,6.22512420156641,"all_MCI4","MCI4","MCI",4
61.3885200465465,-6.04734515274139,-17.8203567985311,18.0234909916192,13.3479908868674,7.8444558009573,16.5427278491477,-4.2507139182683,7.21406208225842,-16.4896884337677,"all_MCI5","MCI5","MCI",5
13.9615820384455,21.786068611121,5.09834355168516,0.110391967601306,-6.18807496788364,-5.41698286185539,5.90385394259228,2.07072112115051,1.09676154164518,-2.35558310752791,"all_MCI6","MCI6","MCI",6
-25.4867880347117,-10.5248351091572,-15.4278947888558,-2.30771110995382,-13.6887708137729,2.5088554020663,-16.2610657405642,0.482028421379957,-4.77874586106844,-6.15561666371623,"all_MCI7","MCI7","MCI",7
-17.8733439060783,33.4445182848654,-9.31051171236399,-4.67506409972278,-13.206775294251,4.73021738487641,3.20432713613484,6.73653171003605,3.29309042716794,8.23905080561016,"all_MCI8","MCI8","MCI",8
-2.78467848399755,-32.0461106173085,8.90304994275375,-9.87907612443326,-5.63826982546805,0.247851305733653,5.90770416902666,16.4855902377745,-1.43932461983035,-1.36860175783711,"all_MCI9","MCI9","MCI",9
-40.4548199609756,48.2360414328038,15.2671063888156,1.55372233206856,0.524774631059427,0.345005064479414,9.52431583288424,4.04481866984244,-3.9819020989456,10.4257340191364,"all_MCI10","MCI10","MCI",10
37.3307358674659,8.98400810848175,-13.1855009961258,1.02576831863929,-1.79470782201869,1.514354231268,10.4540371232142,3.24628897790393,4.80617309501327,5.89805892991961,"all_MCI11","MCI11","MCI",11
-18.6741686674303,38.3706808870452,3.66170004787211,-1.74162301358052,-5.13602606976124,-9.4687603951651,4.94763915625489,-7.03347262340889,3.13052264294777,4.53828082393874,"all_MCI12","MCI12","MCI",12
-6.42209206778613,32.6307352693104,5.61026272983364,2.56398788861656,-7.01335390858914,-2.77562793714255,6.80382771309123,1.99890726685706,3.70769202457674,7.87174318867717,"all_MCI13","MCI13","MCI",13
-40.8478089196308,-4.85420907208624,1.73524258889442,-6.34848230150282,5.62064694340079,-10.8753300731436,4.37179003144908,-7.66154978298959,8.97067741152056,-1.46758899850016,"all_MCI14","MCI14","MCI",14
16.3885141660751,-26.0590000846977,-14.370746742547,-9.97302464760394,4.62418392809328,-7.42839500884659,-17.8399521269616,-3.55825101810662,11.5221417969429,11.5251148128076,"all_MCI15","MCI15","MCI",15
-17.8514384087879,-23.9454624992233,18.0098829198415,-1.68930322081912,-3.54775343275964,2.30639231454273,3.77219932728239,4.80719553486806,4.48781872492823,8.13862975607288,"all_MCI16","MCI16","MCI",16
14.0649768852076,-31.2418156381001,0.0343159258493793,-1.97620014239875,8.79113090035955,-10.0523077797532,6.90494148722549,-13.1485932420276,-0.340123369759204,19.0059230102998,"all_MCI17","MCI17","MCI",17
-21.9166954613423,-13.5910996452657,1.74505379007168,-10.741614756153,11.7813770304071,-10.3244584825779,3.13137096727928,6.71484195360775,-7.81564295810907,-14.2195366733052,"all_MCI18","MCI18","MCI",18
-0.99946903656492,-30.4944699366901,-20.2284183895717,4.17569862104437,-21.2841256375951,-10.9099177954918,13.6163802763502,-6.47008880826417,-0.227800731917082,0.116190796636293,"all_MCI19","MCI19","MCI",19
-17.5194159903032,36.648515523974,-11.9073498517862,-4.23940512420346,7.04287816333887,2.39217967327301,-0.603787821338278,11.241366986216,-1.03920959186007,8.10270303855462,"all_MCI20","MCI20","MCI",20
38.4370598811065,9.4735322846131,-0.996025020993538,6.98000741278113,12.9801689603706,4.627962804865,-6.10048215078222,-8.45395377314519,4.79473812011945,-7.68522515824476,"all_MCI21","MCI21","MCI",21
-8.84121317500475,29.2147694352802,-0.540224445311956,-1.93998548396774,-23.821127088982,16.5536823458264,-10.4759377217195,0.767038656961942,-13.6885491738692,-3.12109615161229,"all_MCI22","MCI22","MCI",22
42.2916334529284,4.99314070767661,-6.39282860435097,5.76771640599238,-8.16516344907483,-4.69333012057925,11.4730533661446,-0.793365853481101,1.10503604353788,-2.09081357587782,"all_MCI23","MCI23","MCI",23
-51.0015761993569,4.07424214526583,-10.4367079222881,10.1581192571043,-4.10257057318669,7.70978482247437,2.60992720838977,-6.97183402028698,8.22758197046268,-14.7371657297572,"all_MCI24","MCI24","MCI",24
-5.82650941241377,-24.622679063231,14.7271759952251,-6.21678630188045,-4.83602248434546,7.40584434666025,4.8341771470155,17.1503366705975,3.66125322296041,-2.4999963413074,"all_MCI25","MCI25","MCI",25
-30.3365563448951,44.6620517705917,5.14387801217517,4.42776594964592,3.9484102731998,-5.80463424330483,3.59942457788716,15.1691124367439,-0.120635196925165,5.46842198039094,"all_MCI26","MCI26","MCI",26
-8.05258717959551,35.743675131888,-5.89842835891585,-12.8402268652228,5.73538579073321,-5.8454450268653,-2.31214153778673,2.84547993100317,-6.32974159037883,-2.56888129336321,"all_MCI27","MCI27","MCI",27
40.5082087750337,5.45604839575039,4.29125129478237,-13.448385651981,-1.00132692113556,7.17615788540275,1.31638486164922,9.79865017884365,-1.29633610439129,-5.50675152569489,"all_MCI28","MCI28","MCI",28
39.411793648666,9.0842808814405,-7.48760789108647,-12.6587059888338,-5.24443005506331,6.17251390463397,-2.30714898062124,-3.2089256877866,-2.10595095400576,-3.03576327731034,"all_MCI29","MCI29","MCI",29
13.1007837834375,21.2376985647007,12.0023679808813,0.975086029556451,-5.65062551730279,3.88181711528436,6.38500853248975,5.66538575668221,5.90669258916315,4.34126507804446,"all_MCI30","MCI30","MCI",30
-8.45050604663258,40.1689596284375,-16.4518320617497,-0.987630994220295,17.5657202598495,1.80817436935638,-9.99875989485858,-4.4735713951975,-14.3724172034935,2.94479245832045,"all_MCI31","MCI31","MCI",31
55.3891836136107,-0.75105971682179,-6.04023817182084,3.22152225094446,-4.73132306515038,-0.674712718017467,5.84452319125475,-13.8689536970588,4.40646221923774,-3.60451687144808,"all_MCI32","MCI32","MCI",32
52.6738244748125,3.10068655386155,12.6092722728524,-18.3004260491422,-5.16196304274359,1.43627571013278,-0.356853404948961,4.53484533564211,-11.0053010724088,-13.3896476280554,"all_MCI33","MCI33","MCI",33
-22.9535253507118,39.0804794648145,13.7798297132989,-0.695436049826277,8.49550034759371,-8.25684764340761,6.61343574549505,-8.36772710765766,-6.0838370065969,4.02709466788934,"all_MCI34","MCI34","MCI",34
36.1546985189285,12.1143858466385,-14.8686219723646,-2.1197602990559,-3.96795389499644,5.91287950671588,-10.3177003543039,-14.2883340731325,-1.99248959819846,-0.439218149400526,"all_MCI35","MCI35","MCI",35
-4.50325173773712,-28.1365686813836,10.2758154930577,4.98748679597628,0.310688269256532,-6.96187202547457,-3.29191647517553,7.50951759723907,-7.56323205707006,-3.50194504459302,"all_MCI36","MCI36","MCI",36
-50.8571176259432,7.50548826052429,9.98370825546946,5.92538001717363,1.96363737094594,1.55626320631547,8.07657043291521,3.01815486326652,-5.65715128692043,8.75970744678432,"all_MCI37","MCI37","MCI",37
-41.5840906175877,-5.65504883225393,10.8097486025338,-11.3994680415163,0.0652156093021691,8.20729415037557,2.5997984675441,-6.55235763807937,-4.61600990288373,-7.42323442994902,"all_MCI38","MCI38","MCI",38
-1.6729297097118,23.7240046633108,2.26172138948368,-4.52094509556223,-1.83534993004741,-12.311766048313,0.877012784125356,0.0156554856504145,2.74266780914285,-0.463509397992832,"all_MCI39","MCI39","MCI",39
9.671272401679,23.8150657694088,3.08246487965826,-23.1739862863223,1.66318499307035,-3.30270705925925,-7.9422017435187,0.0839747783694011,5.18393524471757,-5.86129596591612,"all_MCI40","MCI40","MCI",40
5.84232992864071,-38.1153813061734,-1.37855428535428,0.311858665185981,4.91009770815541,-1.72431324836694,12.2217897284352,-1.31975411434063,-7.94252970468596,5.05758733702669,"all_MCI41","MCI41","MCI",41
40.6249722189892,-47.5580957542404,-23.7132405363672,-20.5070212489583,-8.2821064687158,18.3579792873875,-2.02131508576512,0.291077857248165,-4.27733499965735,13.0321649925747,"all_MCI42","MCI42","MCI",42
15.1116229392533,-30.3363692477935,-7.25363134034066,4.18742199952269,6.49804251994159,-13.0138825084093,-0.644140577641308,8.74405569427618,-3.73535836389327,13.393369042105,"all_MCI43","MCI43","MCI",43
17.496578262864,-44.8883834587119,-8.93355383835374,14.3095052162387,1.32736896505016,-0.459230028619689,1.36699171795641,-12.4855672817226,4.42545956501212,10.2566697682089,"all_AD1","AD1","AD",1
37.6304305262881,10.7211292726221,2.5847760052406,18.358288873969,7.62825686890609,7.78628496167604,1.33408954632229,2.98415728825606,11.3086676860143,-4.10810949355644,"all_AD2","AD2","AD",2
-38.6156366512516,-11.1623327860544,17.8014586683474,2.13870609358181,28.6963597115662,-1.06800557132733,-2.06738387848078,-13.2166615137946,-4.31228819743461,-2.17335894169194,"all_AD3","AD3","AD",3
48.0448210173056,4.02428957238918,13.1046012909191,6.48668484912088,-5.40870692288212,6.48602790607455,-19.096666766562,-6.36407539356695,-1.07542077419517,-2.33412361538001,"all_AD4","AD4","AD",4
38.7516792079759,9.99050227866461,2.95113505503258,-13.8112965218009,-9.73587658407041,3.07593787857797,-3.9815090762452,2.56232033098317,0.544209248274013,0.0284816592418444,"all_AD5","AD5","AD",5
-84.4821227049125,26.6732001169502,-6.84514997959685,10.2602670994923,5.97177659391981,2.54372472815146,2.60378176568117,9.80091111549213,6.81030736811213,-9.73102088709381,"all_AD6","AD6","AD",6
9.30724075489031,-29.6789167565525,13.352952076828,-8.25713893962179,6.04107269041184,15.010758136247,-1.05959723127556,-0.14744369342724,-3.39018942347934,13.5425273113227,"all_AD7","AD7","AD",7
15.6067076931411,20.9376068210977,5.66710525677125,10.9263942570783,-7.19504023388573,8.51273744860964,5.670038428479,-0.17657129264931,-0.678966746355139,1.38456425012015,"all_AD8","AD8","AD",8
-19.3818777863477,-13.2973094766275,2.58745791974499,-12.4804882624547,0.075957937017403,-7.33058191973731,1.72606847987125,3.9747733569902,-6.59657569431668,4.21311263279945,"all_AD9","AD9","AD",9
18.9383309394556,-38.1684243296301,-3.09763722866599,1.95656547407786,8.08617218920508,-12.1091972185872,-5.99271393865587,10.8538754839356,3.09263037579533,10.353113884119,"all_AD10","AD10","AD",10
-22.4139664871407,-16.5390942067215,0.695683235477908,-2.61915745946176,4.79737528765184,-6.01989513075945,-5.30869397107538,-8.79008535280578,-6.7445992105437,-11.6305133025914,"all_AD11","AD11","AD",11
16.0501683273294,24.6157508618977,12.0318366450791,22.1986880378798,9.58262137871465,3.3085206125793,-11.6164638925139,-0.336496898426859,-5.8742876864249,-0.164317232355181,"all_AD12","AD12","AD",12
-52.5217155456401,2.47215250332971,10.5479233020773,16.8498224188808,-11.0196855800361,2.76552687207316,-14.2515676713201,5.18452514370779,-0.292610457869446,-0.208867237702828,"all_AD13","AD13","AD",13
2.87727525862343,-38.7651342266282,-8.40591433166053,10.2717084386359,-7.47460066676772,-3.18663053860905,3.64818195603832,2.17205181986559,-12.4110308888502,3.49124856714701,"all_AD14","AD14","AD",14
-0.857955828501871,-30.8650077711888,0.054131131761277,14.5828255310467,-9.64330737972751,-3.13437105081694,-12.6529292652244,8.54606663054524,7.65327962973299,3.26079063041368,"all_AD15","AD15","AD",15
10.0083720696517,19.9088819608769,-3.16187083901095,4.76788574243733,-10.4157131730138,-22.9266917657539,-4.61952426596895,-1.58705997763188,5.77627456649352,-5.18247219322394,"all_AD16","AD16","AD",16
57.5337125683951,0.277529297573066,1.60392408789558,6.02626512593874,1.16384894500273,10.1304357326049,18.2631723356797,0.128019911249829,0.327320365951163,-0.354308169063963,"all_AD17","AD17","AD",17
-53.8609995365213,0.90124754134622,5.18141900545058,5.27344318347729,-14.2415343318945,14.4912839233947,4.52759561358897,11.6010185374214,1.21116136323677,-4.01167249826,"all_AD18","AD18","AD",18
-31.9923778752543,-14.8547774480921,-6.47295186878458,-3.00153958191523,-13.8409186165963,10.082636511309,-6.3958533327988,-18.4250455543395,-9.15712959635892,-8.75256607028231,"all_AD19","AD19","AD",19
-0.0303448854725327,-35.5264638034938,19.5716722802235,1.17748865204267,-3.39912152820117,4.62853204376332,4.69564290069388,7.77180375529553,-0.545654522861062,-2.17394776734416,"all_AD20","AD20","AD",20
-7.81944975019982,-24.885326479345,15.6519023538736,1.8132439107348,13.3362545219848,-11.2131686304018,-8.76310358990318,-5.11300206559508,-5.34131409100178,0.412891306818648,"all_AD21","AD21","AD",21
3.08374015023532,-25.0831879401815,3.11858798495942,6.74215234832362,0.388498968501539,6.48677989740287,2.79189068147242,-10.8581052814902,10.7571086223343,0.192405350084983,"all_AD22","AD22","AD",22
9.69162307133311,-37.7309294804078,-31.2751738986325,21.2033214619303,-5.8614476690798,-7.37851195027888,10.5546727636339,-4.71349039270978,-25.4739239766806,-0.35725870080744,"all_AD23","AD23","AD",23
-5.34561477498398,27.2570608602924,-3.60811856537801,12.3419976200427,-7.03511795691627,-10.3013257668621,0.0599821638535316,-15.4604047662974,5.56368809171407,3.65136264114094,"all_AD24","AD24","AD",24
-27.5693491117277,40.2980007413925,-6.47055114253918,12.7814261981087,2.2248311151852,-15.6927275746443,-13.842465933741,2.16752701668974,-8.10015916495594,-2.03135313391391,"all_AD25","AD25","AD",25
15.1351658429631,15.8730207393994,12.3122306513615,4.52884300726794,-8.73727591939521,-9.70856307531675,-10.5486426380644,-21.4073802213666,0.962376332095796,9.58560566203424,"all_AD26","AD26","AD",26
-70.5536326675702,15.2347353600344,0.642545042519016,11.4914257341122,1.85413325222697,13.6636736542806,-2.15394384140977,-4.98351031176352,15.5397846994188,-13.4545876326296,"all_AD27","AD27","AD",27
11.1913240348876,-33.1020100275057,12.7933539127192,-3.31793679527046,-3.2585726030315,-7.80156298184114,4.49248949006249,13.8848766546322,-14.7241743099019,1.19556876831422,"all_AD28","AD28","AD",28
-22.3747653234842,-18.9627053928335,10.316554096308,6.22938706740941,7.72811932728476,8.72885502241956,11.1869607704656,4.02200745295318,7.73508823086228,9.53323391697472,"all_AD29","AD29","AD",29
3.14470822340376,-27.6654542508313,6.3457205146468,6.7809144776764,2.42435468439893,-4.18304150506439,-16.8926686076269,21.3318933210822,1.58333758475521,6.31826055846895,"all_AD30","AD30","AD",30
6.02449597035104,18.8276184779579,0.319882727744638,3.27809126680824,-15.8305916384041,-10.8715231097574,0.216366082145229,-13.5843302638077,-12.8405467510073,-3.25040870180837,"all_AD31","AD31","AD",31
23.5484298172194,18.4891822099157,-10.439547139166,18.1672951406874,-1.07702938012355,-5.20839855758189,-4.11386375839064,9.27364926731716,-13.3511718403997,-3.98644839774426,"all_AD32","AD32","AD",32
-8.25526361809407,-27.9999519223308,4.50668671894775,9.98533160748642,9.71327337908168,-4.41695654989506,-9.69882645720248,5.31677448341227,2.87228320901734,2.20872115551427,"all_AD33","AD33","AD",33
2.02794634911904,27.5490947449479,17.4373348447529,-5.71950768701071,-10.1765722395588,-4.61478682037289,0.971184068529999,-12.2112236995325,-1.33821331958,3.88987144137311,"all_AD34","AD34","AD",34
43.7235341740744,7.74480961544384,-8.2826860800866,15.2403246883979,1.32882399600902,-9.8985382919828,-1.9837116702302,16.2883536207979,-3.96074116304657,-8.11499823841031,"all_AD35","AD35","AD",35
14.1930475777874,22.7457423759757,-19.5487391871842,-15.4753546622387,11.3215474583047,6.76136418098661,1.10498758596884,12.0605510250372,1.42521399699899,-4.56519416561815,"all_AD36","AD36","AD",36
6.34908488743142,21.3302249447203,18.062413310462,-3.39957283416216,-8.08078962312827,-0.0504400659020647,2.66018598963013,-4.7033397361591,5.03257398475535,-0.244745702677382,"all_AD37","AD37","AD",37
41.7847440445479,5.92530609008881,10.3435405482766,-1.9000559685316,-0.951039036788043,5.60296430025723,6.28436656616531,5.52621598271774,-0.69159979112861,-7.24943884578133,"all_AD38","AD38","AD",38
-19.8461182574019,-20.278649099658,16.3368688915136,-1.30982838191383,-2.52013619116445,12.4038458146506,-0.254172628908921,-2.03487057151157,1.96342399099416,-5.40873986639412,"all_AD39","AD39","AD",39
-5.90232355523754,31.1087495934812,-9.00005686305277,1.185595070243,3.30562949048257,9.35258049206243,-5.63508357729172,-3.61120240390561,3.54244004738093,9.96269550565281,"all_AD40","AD40","AD",40
29.0380931802433,14.1464016063873,-4.56734554890287,18.6112108872339,-11.9121699155662,-8.25750389419989,-15.9406255833479,2.96035460240932,3.95726374333637,-1.17580795665327,"all_AD41","AD41","AD",41
38.8340368503915,7.68666763433489,11.3425339072932,8.7182679455229,-11.1904543588969,-0.0894430513483146,-8.24889506015877,6.33730555281981,-1.30769836472665,-2.76335390049208,"all_AD42","AD42","AD",42
25.700431698878,12.6736353116911,10.1159483481742,9.09391269859566,-11.2159953321506,7.01082861560683,8.51629755964229,-0.269847905280624,-5.4216597277714,-2.56385433033511,"all_AD43","AD43","AD",43
9.43473827770518,27.589302989669,-16.7313428619664,-1.9873554259584,3.57964790707787,0.733632945431772,6.05061253795713,8.69616204361357,2.50845210277331,5.12706769761814,"all_AD44","AD44","AD",44
34.9072601562345,11.6838216146007,0.870064552888339,10.6778758686814,22.9876305979767,-8.5629138522891,-14.6963839789264,-5.1180443005748,-14.7551312650777,-6.87282353953531,"all_AD45","AD45","AD",45
-36.2573851821304,8.14717097893305,-11.265995127128,13.445661171073,-0.258950344145192,5.94052902036547,1.02884477060364,1.7325588444429,9.32936644413429,15.0453212748858,"all_AD46","AD46","AD",46
-21.0050622080131,-9.99995489825189,10.5251572608826,-19.3029622006303,8.41914843870077,5.48038989723765,-5.33072561940206,-5.69922909988625,-10.7979514135297,7.87154976269616,"all_AD47","AD47","AD",47
-36.6865653563362,-14.1560941171815,12.5819650681508,9.2106726492829,-14.7577722666546,2.24985817813721,-12.1648689713953,-4.02154971644425,3.05338253273141,5.88860111089681,"all_AD48","AD48","AD",48
-4.07772668571203,-22.2383089901776,0.832085654225444,4.77424691723637,13.8941421868543,15.2465955163623,-14.0457632795049,-3.49239934312571,4.13781118930976,12.0739471038707,"all_AD49","AD49","AD",49
-33.9538956603104,37.569060627585,-5.10538788912565,7.08548131620282,-9.67049685505072,-10.5675854962394,0.750484557922216,-0.304380785255218,-8.27640696929506,2.21597511182703,"all_AD50","AD50","AD",50
20.1049963288191,19.4618840899446,-4.37670129352669,18.8246779007059,34.9290405463636,32.6364938398769,-12.0986309803677,-6.40581244346441,-8.99228275847665,3.09007070590228,"all_AD51","AD51","AD",51
-24.9402798488922,-18.4322362222478,7.0998715403138,4.2654047588115,-0.72692486608771,9.26749061091303,-0.17357217877898,1.86898744288762,8.44759819617821,3.20222472857319,"all_AD52","AD52","AD",52
-1.87697600510586,31.0132939250739,0.948208953744061,6.7189086768125,7.20974416860413,-2.753066891782,14.1570479202666,-6.10545717340436,-2.09753525434535,5.30500750536731,"all_AD53","AD53","AD",53
-38.1124784557722,-5.32383452131058,-5.03622028232365,6.64355324094748,2.25549977172324,-11.882501979674,-3.50228092043717,-1.76781415815772,-4.15754731479904,-5.88043088516537,"all_AD54","AD54","AD",54
-36.6358187139226,-10.0682354403447,-11.2485382303392,-12.7352718212931,14.2149429939907,5.35207155844872,-2.37660221243127,8.23231646935445,-8.170739702674,-7.37567956791796,"all_AD55","AD55","AD",55
27.8265569621525,14.8826488887615,7.70785468844808,2.1470613530968,-2.50787891697177,1.4356569068221,-23.1840816160535,-3.00340265350214,3.87374522203075,-1.91547389461411,"all_AD56","AD56","AD",56
18.3968650023625,-47.7175538108275,-20.2572352614666,5.04538569082146,-19.5911110815423,-13.0885481628809,11.4733506876305,-2.56184997268284,-4.27201544254514,4.67750593189082,"all_AD57","AD57","AD",57
